{
  "ABIRoot": {
    "kind": "Root",
    "name": "TopLevel",
    "printedName": "TopLevel",
    "children": [
      {
        "kind": "Import",
        "name": "yoga",
        "printedName": "yoga",
        "declKind": "Import",
        "moduleName": "YogaKit",
        "declAttributes": [
          "RawDocComment"
        ]
      },
      {
        "kind": "OperatorDecl",
        "name": "%",
        "printedName": "%",
        "declKind": "PostfixOperator",
        "moduleName": "YogaKit",
        "declAttributes": [
          "Postfix"
        ]
      },
      {
        "kind": "TypeDecl",
        "name": "Int",
        "printedName": "Int",
        "children": [
          {
            "kind": "Function",
            "name": "%",
            "printedName": "%(_:)",
            "children": [
              {
                "kind": "TypeNominal",
                "name": "YGValue",
                "printedName": "yoga.YGValue",
                "usr": "c:@S@YGValue"
              },
              {
                "kind": "TypeNominal",
                "name": "Int",
                "printedName": "Swift.Int",
                "usr": "s:Si"
              }
            ],
            "declKind": "Func",
            "usr": "s:Si7YogaKitE1roPySo7YGValueVSiFZ",
            "mangledName": "$sSi7YogaKitE1roPySo7YGValueVSiFZ",
            "moduleName": "YogaKit",
            "static": true,
            "declAttributes": [
              "Postfix",
              "AccessControl"
            ],
            "isFromExtension": true,
            "funcSelfKind": "NonMutating"
          }
        ],
        "declKind": "Struct",
        "usr": "s:Si",
        "mangledName": "$sSi",
        "moduleName": "Swift",
        "declAttributes": [
          "Frozen"
        ],
        "isExternal": true,
        "conformances": [
          {
            "kind": "Conformance",
            "name": "FixedWidthInteger",
            "printedName": "FixedWidthInteger",
            "usr": "s:s17FixedWidthIntegerP",
            "mangledName": "$ss17FixedWidthIntegerP"
          },
          {
            "kind": "Conformance",
            "name": "SignedInteger",
            "printedName": "SignedInteger",
            "usr": "s:SZ",
            "mangledName": "$sSZ"
          },
          {
            "kind": "Conformance",
            "name": "_ExpressibleByBuiltinIntegerLiteral",
            "printedName": "_ExpressibleByBuiltinIntegerLiteral",
            "usr": "s:s35_ExpressibleByBuiltinIntegerLiteralP",
            "mangledName": "$ss35_ExpressibleByBuiltinIntegerLiteralP"
          },
          {
            "kind": "Conformance",
            "name": "BinaryInteger",
            "printedName": "BinaryInteger",
            "children": [
              {
                "kind": "TypeWitness",
                "name": "Words",
                "printedName": "Words",
                "children": [
                  {
                    "kind": "TypeNominal",
                    "name": "Words",
                    "printedName": "Swift.Int.Words",
                    "usr": "s:Si5WordsV"
                  }
                ]
              }
            ],
            "usr": "s:Sz",
            "mangledName": "$sSz"
          },
          {
            "kind": "Conformance",
            "name": "LosslessStringConvertible",
            "printedName": "LosslessStringConvertible",
            "usr": "s:s25LosslessStringConvertibleP",
            "mangledName": "$ss25LosslessStringConvertibleP"
          },
          {
            "kind": "Conformance",
            "name": "SignedNumeric",
            "printedName": "SignedNumeric",
            "usr": "s:s13SignedNumericP",
            "mangledName": "$ss13SignedNumericP"
          },
          {
            "kind": "Conformance",
            "name": "CustomStringConvertible",
            "printedName": "CustomStringConvertible",
            "usr": "s:s23CustomStringConvertibleP",
            "mangledName": "$ss23CustomStringConvertibleP"
          },
          {
            "kind": "Conformance",
            "name": "Numeric",
            "printedName": "Numeric",
            "children": [
              {
                "kind": "TypeWitness",
                "name": "Magnitude",
                "printedName": "Magnitude",
                "children": [
                  {
                    "kind": "TypeNominal",
                    "name": "UInt",
                    "printedName": "Swift.UInt",
                    "usr": "s:Su"
                  }
                ]
              }
            ],
            "usr": "s:Sj",
            "mangledName": "$sSj"
          },
          {
            "kind": "Conformance",
            "name": "Strideable",
            "printedName": "Strideable",
            "children": [
              {
                "kind": "TypeWitness",
                "name": "Stride",
                "printedName": "Stride",
                "children": [
                  {
                    "kind": "TypeNominal",
                    "name": "Int",
                    "printedName": "Swift.Int",
                    "usr": "s:Si"
                  }
                ]
              }
            ],
            "usr": "s:Sx",
            "mangledName": "$sSx"
          },
          {
            "kind": "Conformance",
            "name": "AdditiveArithmetic",
            "printedName": "AdditiveArithmetic",
            "usr": "s:s18AdditiveArithmeticP",
            "mangledName": "$ss18AdditiveArithmeticP"
          },
          {
            "kind": "Conformance",
            "name": "ExpressibleByIntegerLiteral",
            "printedName": "ExpressibleByIntegerLiteral",
            "children": [
              {
                "kind": "TypeWitness",
                "name": "IntegerLiteralType",
                "printedName": "IntegerLiteralType",
                "children": [
                  {
                    "kind": "TypeNominal",
                    "name": "Int",
                    "printedName": "Swift.Int",
                    "usr": "s:Si"
                  }
                ]
              }
            ],
            "usr": "s:s27ExpressibleByIntegerLiteralP",
            "mangledName": "$ss27ExpressibleByIntegerLiteralP"
          },
          {
            "kind": "Conformance",
            "name": "Comparable",
            "printedName": "Comparable",
            "usr": "s:SL",
            "mangledName": "$sSL"
          },
          {
            "kind": "Conformance",
            "name": "Decodable",
            "printedName": "Decodable",
            "usr": "s:Se",
            "mangledName": "$sSe"
          },
          {
            "kind": "Conformance",
            "name": "Encodable",
            "printedName": "Encodable",
            "usr": "s:SE",
            "mangledName": "$sSE"
          },
          {
            "kind": "Conformance",
            "name": "CodingKeyRepresentable",
            "printedName": "CodingKeyRepresentable",
            "usr": "s:s22CodingKeyRepresentableP",
            "mangledName": "$ss22CodingKeyRepresentableP"
          },
          {
            "kind": "Conformance",
            "name": "CustomReflectable",
            "printedName": "CustomReflectable",
            "usr": "s:s17CustomReflectableP",
            "mangledName": "$ss17CustomReflectableP"
          },
          {
            "kind": "Conformance",
            "name": "_CustomPlaygroundQuickLookable",
            "printedName": "_CustomPlaygroundQuickLookable",
            "usr": "s:s30_CustomPlaygroundQuickLookableP",
            "mangledName": "$ss30_CustomPlaygroundQuickLookableP"
          },
          {
            "kind": "Conformance",
            "name": "MirrorPath",
            "printedName": "MirrorPath",
            "usr": "s:s10MirrorPathP",
            "mangledName": "$ss10MirrorPathP"
          },
          {
            "kind": "Conformance",
            "name": "CVarArg",
            "printedName": "CVarArg",
            "usr": "s:s7CVarArgP",
            "mangledName": "$ss7CVarArgP"
          },
          {
            "kind": "Conformance",
            "name": "Hashable",
            "printedName": "Hashable",
            "usr": "s:SH",
            "mangledName": "$sSH"
          },
          {
            "kind": "Conformance",
            "name": "Equatable",
            "printedName": "Equatable",
            "usr": "s:SQ",
            "mangledName": "$sSQ"
          },
          {
            "kind": "Conformance",
            "name": "_HasCustomAnyHashableRepresentation",
            "printedName": "_HasCustomAnyHashableRepresentation",
            "usr": "s:s35_HasCustomAnyHashableRepresentationP",
            "mangledName": "$ss35_HasCustomAnyHashableRepresentationP"
          },
          {
            "kind": "Conformance",
            "name": "Sendable",
            "printedName": "Sendable",
            "usr": "s:s8SendableP",
            "mangledName": "$ss8SendableP"
          },
          {
            "kind": "Conformance",
            "name": "SIMDScalar",
            "printedName": "SIMDScalar",
            "children": [
              {
                "kind": "TypeWitness",
                "name": "SIMDMaskScalar",
                "printedName": "SIMDMaskScalar",
                "children": [
                  {
                    "kind": "TypeNominal",
                    "name": "Int",
                    "printedName": "Swift.Int",
                    "usr": "s:Si"
                  }
                ]
              },
              {
                "kind": "TypeWitness",
                "name": "SIMD2Storage",
                "printedName": "SIMD2Storage",
                "children": [
                  {
                    "kind": "TypeNominal",
                    "name": "SIMD2Storage",
                    "printedName": "Swift.Int.SIMD2Storage",
                    "usr": "s:Si12SIMD2StorageV"
                  }
                ]
              },
              {
                "kind": "TypeWitness",
                "name": "SIMD4Storage",
                "printedName": "SIMD4Storage",
                "children": [
                  {
                    "kind": "TypeNominal",
                    "name": "SIMD4Storage",
                    "printedName": "Swift.Int.SIMD4Storage",
                    "usr": "s:Si12SIMD4StorageV"
                  }
                ]
              },
              {
                "kind": "TypeWitness",
                "name": "SIMD8Storage",
                "printedName": "SIMD8Storage",
                "children": [
                  {
                    "kind": "TypeNominal",
                    "name": "SIMD8Storage",
                    "printedName": "Swift.Int.SIMD8Storage",
                    "usr": "s:Si12SIMD8StorageV"
                  }
                ]
              },
              {
                "kind": "TypeWitness",
                "name": "SIMD16Storage",
                "printedName": "SIMD16Storage",
                "children": [
                  {
                    "kind": "TypeNominal",
                    "name": "SIMD16Storage",
                    "printedName": "Swift.Int.SIMD16Storage",
                    "usr": "s:Si13SIMD16StorageV"
                  }
                ]
              },
              {
                "kind": "TypeWitness",
                "name": "SIMD32Storage",
                "printedName": "SIMD32Storage",
                "children": [
                  {
                    "kind": "TypeNominal",
                    "name": "SIMD32Storage",
                    "printedName": "Swift.Int.SIMD32Storage",
                    "usr": "s:Si13SIMD32StorageV"
                  }
                ]
              },
              {
                "kind": "TypeWitness",
                "name": "SIMD64Storage",
                "printedName": "SIMD64Storage",
                "children": [
                  {
                    "kind": "TypeNominal",
                    "name": "SIMD64Storage",
                    "printedName": "Swift.Int.SIMD64Storage",
                    "usr": "s:Si13SIMD64StorageV"
                  }
                ]
              }
            ],
            "usr": "s:s10SIMDScalarP",
            "mangledName": "$ss10SIMDScalarP"
          },
          {
            "kind": "Conformance",
            "name": "_FormatSpecifiable",
            "printedName": "_FormatSpecifiable",
            "children": [
              {
                "kind": "TypeWitness",
                "name": "_Arg",
                "printedName": "_Arg",
                "children": [
                  {
                    "kind": "TypeNominal",
                    "name": "Int64",
                    "printedName": "Swift.Int64",
                    "usr": "s:s5Int64V"
                  }
                ]
              }
            ],
            "usr": "s:10Foundation18_FormatSpecifiableP",
            "mangledName": "$s10Foundation18_FormatSpecifiableP"
          },
          {
            "kind": "Conformance",
            "name": "_ObjectiveCBridgeable",
            "printedName": "_ObjectiveCBridgeable",
            "children": [
              {
                "kind": "TypeWitness",
                "name": "_ObjectiveCType",
                "printedName": "_ObjectiveCType",
                "children": [
                  {
                    "kind": "TypeNominal",
                    "name": "NSNumber",
                    "printedName": "Foundation.NSNumber",
                    "usr": "c:objc(cs)NSNumber"
                  }
                ]
              }
            ],
            "usr": "s:s21_ObjectiveCBridgeableP",
            "mangledName": "$ss21_ObjectiveCBridgeableP"
          }
        ]
      },
      {
        "kind": "TypeDecl",
        "name": "Float",
        "printedName": "Float",
        "children": [
          {
            "kind": "Function",
            "name": "%",
            "printedName": "%(_:)",
            "children": [
              {
                "kind": "TypeNominal",
                "name": "YGValue",
                "printedName": "yoga.YGValue",
                "usr": "c:@S@YGValue"
              },
              {
                "kind": "TypeNominal",
                "name": "Float",
                "printedName": "Swift.Float",
                "usr": "s:Sf"
              }
            ],
            "declKind": "Func",
            "usr": "s:Sf7YogaKitE1roPySo7YGValueVSfFZ",
            "mangledName": "$sSf7YogaKitE1roPySo7YGValueVSfFZ",
            "moduleName": "YogaKit",
            "static": true,
            "declAttributes": [
              "Postfix",
              "AccessControl"
            ],
            "isFromExtension": true,
            "funcSelfKind": "NonMutating"
          }
        ],
        "declKind": "Struct",
        "usr": "s:Sf",
        "mangledName": "$sSf",
        "moduleName": "Swift",
        "declAttributes": [
          "Frozen"
        ],
        "isExternal": true,
        "conformances": [
          {
            "kind": "Conformance",
            "name": "Decodable",
            "printedName": "Decodable",
            "usr": "s:Se",
            "mangledName": "$sSe"
          },
          {
            "kind": "Conformance",
            "name": "Encodable",
            "printedName": "Encodable",
            "usr": "s:SE",
            "mangledName": "$sSE"
          },
          {
            "kind": "Conformance",
            "name": "CustomReflectable",
            "printedName": "CustomReflectable",
            "usr": "s:s17CustomReflectableP",
            "mangledName": "$ss17CustomReflectableP"
          },
          {
            "kind": "Conformance",
            "name": "_CustomPlaygroundQuickLookable",
            "printedName": "_CustomPlaygroundQuickLookable",
            "usr": "s:s30_CustomPlaygroundQuickLookableP",
            "mangledName": "$ss30_CustomPlaygroundQuickLookableP"
          },
          {
            "kind": "Conformance",
            "name": "_CVarArgPassedAsDouble",
            "printedName": "_CVarArgPassedAsDouble",
            "usr": "s:s22_CVarArgPassedAsDoubleP",
            "mangledName": "$ss22_CVarArgPassedAsDoubleP"
          },
          {
            "kind": "Conformance",
            "name": "_CVarArgAligned",
            "printedName": "_CVarArgAligned",
            "usr": "s:s15_CVarArgAlignedP",
            "mangledName": "$ss15_CVarArgAlignedP"
          },
          {
            "kind": "Conformance",
            "name": "CVarArg",
            "printedName": "CVarArg",
            "usr": "s:s7CVarArgP",
            "mangledName": "$ss7CVarArgP"
          },
          {
            "kind": "Conformance",
            "name": "LosslessStringConvertible",
            "printedName": "LosslessStringConvertible",
            "usr": "s:s25LosslessStringConvertibleP",
            "mangledName": "$ss25LosslessStringConvertibleP"
          },
          {
            "kind": "Conformance",
            "name": "CustomStringConvertible",
            "printedName": "CustomStringConvertible",
            "usr": "s:s23CustomStringConvertibleP",
            "mangledName": "$ss23CustomStringConvertibleP"
          },
          {
            "kind": "Conformance",
            "name": "CustomDebugStringConvertible",
            "printedName": "CustomDebugStringConvertible",
            "usr": "s:s28CustomDebugStringConvertibleP",
            "mangledName": "$ss28CustomDebugStringConvertibleP"
          },
          {
            "kind": "Conformance",
            "name": "TextOutputStreamable",
            "printedName": "TextOutputStreamable",
            "usr": "s:s20TextOutputStreamableP",
            "mangledName": "$ss20TextOutputStreamableP"
          },
          {
            "kind": "Conformance",
            "name": "BinaryFloatingPoint",
            "printedName": "BinaryFloatingPoint",
            "children": [
              {
                "kind": "TypeWitness",
                "name": "RawSignificand",
                "printedName": "RawSignificand",
                "children": [
                  {
                    "kind": "TypeNominal",
                    "name": "UInt32",
                    "printedName": "Swift.UInt32",
                    "usr": "s:s6UInt32V"
                  }
                ]
              },
              {
                "kind": "TypeWitness",
                "name": "RawExponent",
                "printedName": "RawExponent",
                "children": [
                  {
                    "kind": "TypeNominal",
                    "name": "UInt",
                    "printedName": "Swift.UInt",
                    "usr": "s:Su"
                  }
                ]
              }
            ],
            "usr": "s:SB",
            "mangledName": "$sSB"
          },
          {
            "kind": "Conformance",
            "name": "ExpressibleByFloatLiteral",
            "printedName": "ExpressibleByFloatLiteral",
            "children": [
              {
                "kind": "TypeWitness",
                "name": "FloatLiteralType",
                "printedName": "FloatLiteralType",
                "children": [
                  {
                    "kind": "TypeNominal",
                    "name": "Float",
                    "printedName": "Swift.Float",
                    "usr": "s:Sf"
                  }
                ]
              }
            ],
            "usr": "s:s25ExpressibleByFloatLiteralP",
            "mangledName": "$ss25ExpressibleByFloatLiteralP"
          },
          {
            "kind": "Conformance",
            "name": "FloatingPoint",
            "printedName": "FloatingPoint",
            "children": [
              {
                "kind": "TypeWitness",
                "name": "Exponent",
                "printedName": "Exponent",
                "children": [
                  {
                    "kind": "TypeNominal",
                    "name": "Int",
                    "printedName": "Swift.Int",
                    "usr": "s:Si"
                  }
                ]
              }
            ],
            "usr": "s:SF",
            "mangledName": "$sSF"
          },
          {
            "kind": "Conformance",
            "name": "SignedNumeric",
            "printedName": "SignedNumeric",
            "usr": "s:s13SignedNumericP",
            "mangledName": "$ss13SignedNumericP"
          },
          {
            "kind": "Conformance",
            "name": "Numeric",
            "printedName": "Numeric",
            "children": [
              {
                "kind": "TypeWitness",
                "name": "Magnitude",
                "printedName": "Magnitude",
                "children": [
                  {
                    "kind": "TypeNominal",
                    "name": "Float",
                    "printedName": "Swift.Float",
                    "usr": "s:Sf"
                  }
                ]
              }
            ],
            "usr": "s:Sj",
            "mangledName": "$sSj"
          },
          {
            "kind": "Conformance",
            "name": "AdditiveArithmetic",
            "printedName": "AdditiveArithmetic",
            "usr": "s:s18AdditiveArithmeticP",
            "mangledName": "$ss18AdditiveArithmeticP"
          },
          {
            "kind": "Conformance",
            "name": "_ExpressibleByBuiltinIntegerLiteral",
            "printedName": "_ExpressibleByBuiltinIntegerLiteral",
            "usr": "s:s35_ExpressibleByBuiltinIntegerLiteralP",
            "mangledName": "$ss35_ExpressibleByBuiltinIntegerLiteralP"
          },
          {
            "kind": "Conformance",
            "name": "ExpressibleByIntegerLiteral",
            "printedName": "ExpressibleByIntegerLiteral",
            "children": [
              {
                "kind": "TypeWitness",
                "name": "IntegerLiteralType",
                "printedName": "IntegerLiteralType",
                "children": [
                  {
                    "kind": "TypeNominal",
                    "name": "Int64",
                    "printedName": "Swift.Int64",
                    "usr": "s:s5Int64V"
                  }
                ]
              }
            ],
            "usr": "s:s27ExpressibleByIntegerLiteralP",
            "mangledName": "$ss27ExpressibleByIntegerLiteralP"
          },
          {
            "kind": "Conformance",
            "name": "_ExpressibleByBuiltinFloatLiteral",
            "printedName": "_ExpressibleByBuiltinFloatLiteral",
            "usr": "s:s33_ExpressibleByBuiltinFloatLiteralP",
            "mangledName": "$ss33_ExpressibleByBuiltinFloatLiteralP"
          },
          {
            "kind": "Conformance",
            "name": "Hashable",
            "printedName": "Hashable",
            "usr": "s:SH",
            "mangledName": "$sSH"
          },
          {
            "kind": "Conformance",
            "name": "Equatable",
            "printedName": "Equatable",
            "usr": "s:SQ",
            "mangledName": "$sSQ"
          },
          {
            "kind": "Conformance",
            "name": "_HasCustomAnyHashableRepresentation",
            "printedName": "_HasCustomAnyHashableRepresentation",
            "usr": "s:s35_HasCustomAnyHashableRepresentationP",
            "mangledName": "$ss35_HasCustomAnyHashableRepresentationP"
          },
          {
            "kind": "Conformance",
            "name": "Sendable",
            "printedName": "Sendable",
            "usr": "s:s8SendableP",
            "mangledName": "$ss8SendableP"
          },
          {
            "kind": "Conformance",
            "name": "Strideable",
            "printedName": "Strideable",
            "children": [
              {
                "kind": "TypeWitness",
                "name": "Stride",
                "printedName": "Stride",
                "children": [
                  {
                    "kind": "TypeNominal",
                    "name": "Float",
                    "printedName": "Swift.Float",
                    "usr": "s:Sf"
                  }
                ]
              }
            ],
            "usr": "s:Sx",
            "mangledName": "$sSx"
          },
          {
            "kind": "Conformance",
            "name": "Comparable",
            "printedName": "Comparable",
            "usr": "s:SL",
            "mangledName": "$sSL"
          },
          {
            "kind": "Conformance",
            "name": "SIMDScalar",
            "printedName": "SIMDScalar",
            "children": [
              {
                "kind": "TypeWitness",
                "name": "SIMDMaskScalar",
                "printedName": "SIMDMaskScalar",
                "children": [
                  {
                    "kind": "TypeNominal",
                    "name": "Int32",
                    "printedName": "Swift.Int32",
                    "usr": "s:s5Int32V"
                  }
                ]
              },
              {
                "kind": "TypeWitness",
                "name": "SIMD2Storage",
                "printedName": "SIMD2Storage",
                "children": [
                  {
                    "kind": "TypeNominal",
                    "name": "SIMD2Storage",
                    "printedName": "Swift.Float.SIMD2Storage",
                    "usr": "s:Sf12SIMD2StorageV"
                  }
                ]
              },
              {
                "kind": "TypeWitness",
                "name": "SIMD4Storage",
                "printedName": "SIMD4Storage",
                "children": [
                  {
                    "kind": "TypeNominal",
                    "name": "SIMD4Storage",
                    "printedName": "Swift.Float.SIMD4Storage",
                    "usr": "s:Sf12SIMD4StorageV"
                  }
                ]
              },
              {
                "kind": "TypeWitness",
                "name": "SIMD8Storage",
                "printedName": "SIMD8Storage",
                "children": [
                  {
                    "kind": "TypeNominal",
                    "name": "SIMD8Storage",
                    "printedName": "Swift.Float.SIMD8Storage",
                    "usr": "s:Sf12SIMD8StorageV"
                  }
                ]
              },
              {
                "kind": "TypeWitness",
                "name": "SIMD16Storage",
                "printedName": "SIMD16Storage",
                "children": [
                  {
                    "kind": "TypeNominal",
                    "name": "SIMD16Storage",
                    "printedName": "Swift.Float.SIMD16Storage",
                    "usr": "s:Sf13SIMD16StorageV"
                  }
                ]
              },
              {
                "kind": "TypeWitness",
                "name": "SIMD32Storage",
                "printedName": "SIMD32Storage",
                "children": [
                  {
                    "kind": "TypeNominal",
                    "name": "SIMD32Storage",
                    "printedName": "Swift.Float.SIMD32Storage",
                    "usr": "s:Sf13SIMD32StorageV"
                  }
                ]
              },
              {
                "kind": "TypeWitness",
                "name": "SIMD64Storage",
                "printedName": "SIMD64Storage",
                "children": [
                  {
                    "kind": "TypeNominal",
                    "name": "SIMD64Storage",
                    "printedName": "Swift.Float.SIMD64Storage",
                    "usr": "s:Sf13SIMD64StorageV"
                  }
                ]
              }
            ],
            "usr": "s:s10SIMDScalarP",
            "mangledName": "$ss10SIMDScalarP"
          },
          {
            "kind": "Conformance",
            "name": "_FormatSpecifiable",
            "printedName": "_FormatSpecifiable",
            "children": [
              {
                "kind": "TypeWitness",
                "name": "_Arg",
                "printedName": "_Arg",
                "children": [
                  {
                    "kind": "TypeNominal",
                    "name": "Float",
                    "printedName": "Swift.Float",
                    "usr": "s:Sf"
                  }
                ]
              }
            ],
            "usr": "s:10Foundation18_FormatSpecifiableP",
            "mangledName": "$s10Foundation18_FormatSpecifiableP"
          },
          {
            "kind": "Conformance",
            "name": "_ObjectiveCBridgeable",
            "printedName": "_ObjectiveCBridgeable",
            "children": [
              {
                "kind": "TypeWitness",
                "name": "_ObjectiveCType",
                "printedName": "_ObjectiveCType",
                "children": [
                  {
                    "kind": "TypeNominal",
                    "name": "NSNumber",
                    "printedName": "Foundation.NSNumber",
                    "usr": "c:objc(cs)NSNumber"
                  }
                ]
              }
            ],
            "usr": "s:s21_ObjectiveCBridgeableP",
            "mangledName": "$ss21_ObjectiveCBridgeableP"
          }
        ]
      },
      {
        "kind": "TypeDecl",
        "name": "CGFloat",
        "printedName": "CGFloat",
        "children": [
          {
            "kind": "Function",
            "name": "%",
            "printedName": "%(_:)",
            "children": [
              {
                "kind": "TypeNominal",
                "name": "YGValue",
                "printedName": "yoga.YGValue",
                "usr": "c:@S@YGValue"
              },
              {
                "kind": "TypeNominal",
                "name": "CGFloat",
                "printedName": "CoreGraphics.CGFloat",
                "usr": "s:14CoreFoundation7CGFloatV"
              }
            ],
            "declKind": "Func",
            "usr": "s:14CoreFoundation7CGFloatV7YogaKitE1roPySo7YGValueVACFZ",
            "mangledName": "$s12CoreGraphics7CGFloatV7YogaKitE1roPySo7YGValueVACFZ",
            "moduleName": "YogaKit",
            "static": true,
            "declAttributes": [
              "Postfix",
              "AccessControl"
            ],
            "isFromExtension": true,
            "funcSelfKind": "NonMutating"
          }
        ],
        "declKind": "Struct",
        "usr": "s:14CoreFoundation7CGFloatV",
        "mangledName": "$s12CoreGraphics7CGFloatV",
        "moduleName": "CoreFoundation",
        "intro_Macosx": "10.0",
        "intro_iOS": "2.0",
        "intro_tvOS": "9.0",
        "intro_watchOS": "1.0",
        "declAttributes": [
          "Frozen",
          "OriginallyDefinedIn",
          "OriginallyDefinedIn",
          "OriginallyDefinedIn",
          "OriginallyDefinedIn",
          "OriginallyDefinedIn",
          "Available",
          "Available",
          "Available",
          "Available",
          "Available"
        ],
        "isExternal": true,
        "conformances": [
          {
            "kind": "Conformance",
            "name": "SignedNumeric",
            "printedName": "SignedNumeric",
            "usr": "s:s13SignedNumericP",
            "mangledName": "$ss13SignedNumericP"
          },
          {
            "kind": "Conformance",
            "name": "Numeric",
            "printedName": "Numeric",
            "children": [
              {
                "kind": "TypeWitness",
                "name": "Magnitude",
                "printedName": "Magnitude",
                "children": [
                  {
                    "kind": "TypeNominal",
                    "name": "CGFloat",
                    "printedName": "CoreGraphics.CGFloat",
                    "usr": "s:14CoreFoundation7CGFloatV"
                  }
                ]
              }
            ],
            "usr": "s:Sj",
            "mangledName": "$sSj"
          },
          {
            "kind": "Conformance",
            "name": "AdditiveArithmetic",
            "printedName": "AdditiveArithmetic",
            "usr": "s:s18AdditiveArithmeticP",
            "mangledName": "$ss18AdditiveArithmeticP"
          },
          {
            "kind": "Conformance",
            "name": "ExpressibleByIntegerLiteral",
            "printedName": "ExpressibleByIntegerLiteral",
            "children": [
              {
                "kind": "TypeWitness",
                "name": "IntegerLiteralType",
                "printedName": "IntegerLiteralType",
                "children": [
                  {
                    "kind": "TypeNominal",
                    "name": "Int",
                    "printedName": "Swift.Int",
                    "usr": "s:Si"
                  }
                ]
              }
            ],
            "usr": "s:s27ExpressibleByIntegerLiteralP",
            "mangledName": "$ss27ExpressibleByIntegerLiteralP"
          },
          {
            "kind": "Conformance",
            "name": "Equatable",
            "printedName": "Equatable",
            "usr": "s:SQ",
            "mangledName": "$sSQ"
          },
          {
            "kind": "Conformance",
            "name": "BinaryFloatingPoint",
            "printedName": "BinaryFloatingPoint",
            "children": [
              {
                "kind": "TypeWitness",
                "name": "RawSignificand",
                "printedName": "RawSignificand",
                "children": [
                  {
                    "kind": "TypeNominal",
                    "name": "UInt",
                    "printedName": "Swift.UInt",
                    "usr": "s:Su"
                  }
                ]
              },
              {
                "kind": "TypeWitness",
                "name": "RawExponent",
                "printedName": "RawExponent",
                "children": [
                  {
                    "kind": "TypeNominal",
                    "name": "UInt",
                    "printedName": "Swift.UInt",
                    "usr": "s:Su"
                  }
                ]
              }
            ],
            "usr": "s:SB",
            "mangledName": "$sSB"
          },
          {
            "kind": "Conformance",
            "name": "ExpressibleByFloatLiteral",
            "printedName": "ExpressibleByFloatLiteral",
            "children": [
              {
                "kind": "TypeWitness",
                "name": "FloatLiteralType",
                "printedName": "FloatLiteralType",
                "children": [
                  {
                    "kind": "TypeNominal",
                    "name": "Double",
                    "printedName": "Swift.Double",
                    "usr": "s:Sd"
                  }
                ]
              }
            ],
            "usr": "s:s25ExpressibleByFloatLiteralP",
            "mangledName": "$ss25ExpressibleByFloatLiteralP"
          },
          {
            "kind": "Conformance",
            "name": "FloatingPoint",
            "printedName": "FloatingPoint",
            "children": [
              {
                "kind": "TypeWitness",
                "name": "Exponent",
                "printedName": "Exponent",
                "children": [
                  {
                    "kind": "TypeNominal",
                    "name": "Int",
                    "printedName": "Swift.Int",
                    "usr": "s:Si"
                  }
                ]
              }
            ],
            "usr": "s:SF",
            "mangledName": "$sSF"
          },
          {
            "kind": "Conformance",
            "name": "CustomReflectable",
            "printedName": "CustomReflectable",
            "usr": "s:s17CustomReflectableP",
            "mangledName": "$ss17CustomReflectableP"
          },
          {
            "kind": "Conformance",
            "name": "CustomStringConvertible",
            "printedName": "CustomStringConvertible",
            "usr": "s:s23CustomStringConvertibleP",
            "mangledName": "$ss23CustomStringConvertibleP"
          },
          {
            "kind": "Conformance",
            "name": "Hashable",
            "printedName": "Hashable",
            "usr": "s:SH",
            "mangledName": "$sSH"
          },
          {
            "kind": "Conformance",
            "name": "Strideable",
            "printedName": "Strideable",
            "children": [
              {
                "kind": "TypeWitness",
                "name": "Stride",
                "printedName": "Stride",
                "children": [
                  {
                    "kind": "TypeNominal",
                    "name": "CGFloat",
                    "printedName": "CoreGraphics.CGFloat",
                    "usr": "s:14CoreFoundation7CGFloatV"
                  }
                ]
              }
            ],
            "usr": "s:Sx",
            "mangledName": "$sSx"
          },
          {
            "kind": "Conformance",
            "name": "Comparable",
            "printedName": "Comparable",
            "usr": "s:SL",
            "mangledName": "$sSL"
          },
          {
            "kind": "Conformance",
            "name": "_CVarArgPassedAsDouble",
            "printedName": "_CVarArgPassedAsDouble",
            "usr": "s:s22_CVarArgPassedAsDoubleP",
            "mangledName": "$ss22_CVarArgPassedAsDoubleP"
          },
          {
            "kind": "Conformance",
            "name": "_CVarArgAligned",
            "printedName": "_CVarArgAligned",
            "usr": "s:s15_CVarArgAlignedP",
            "mangledName": "$ss15_CVarArgAlignedP"
          },
          {
            "kind": "Conformance",
            "name": "CVarArg",
            "printedName": "CVarArg",
            "usr": "s:s7CVarArgP",
            "mangledName": "$ss7CVarArgP"
          },
          {
            "kind": "Conformance",
            "name": "Decodable",
            "printedName": "Decodable",
            "usr": "s:Se",
            "mangledName": "$sSe"
          },
          {
            "kind": "Conformance",
            "name": "Encodable",
            "printedName": "Encodable",
            "usr": "s:SE",
            "mangledName": "$sSE"
          },
          {
            "kind": "Conformance",
            "name": "Sendable",
            "printedName": "Sendable",
            "usr": "s:s8SendableP",
            "mangledName": "$ss8SendableP"
          },
          {
            "kind": "Conformance",
            "name": "_FormatSpecifiable",
            "printedName": "_FormatSpecifiable",
            "children": [
              {
                "kind": "TypeWitness",
                "name": "_Arg",
                "printedName": "_Arg",
                "children": [
                  {
                    "kind": "TypeNominal",
                    "name": "CGFloat",
                    "printedName": "CoreGraphics.CGFloat",
                    "usr": "s:14CoreFoundation7CGFloatV"
                  }
                ]
              }
            ],
            "usr": "s:10Foundation18_FormatSpecifiableP",
            "mangledName": "$s10Foundation18_FormatSpecifiableP"
          },
          {
            "kind": "Conformance",
            "name": "_ObjectiveCBridgeable",
            "printedName": "_ObjectiveCBridgeable",
            "children": [
              {
                "kind": "TypeWitness",
                "name": "_ObjectiveCType",
                "printedName": "_ObjectiveCType",
                "children": [
                  {
                    "kind": "TypeNominal",
                    "name": "NSNumber",
                    "printedName": "Foundation.NSNumber",
                    "usr": "c:objc(cs)NSNumber"
                  }
                ]
              }
            ],
            "usr": "s:s21_ObjectiveCBridgeableP",
            "mangledName": "$ss21_ObjectiveCBridgeableP"
          }
        ]
      },
      {
        "kind": "TypeDecl",
        "name": "YGValue",
        "printedName": "YGValue",
        "children": [
          {
            "kind": "Constructor",
            "name": "init",
            "printedName": "init(integerLiteral:)",
            "children": [
              {
                "kind": "TypeNominal",
                "name": "YGValue",
                "printedName": "yoga.YGValue",
                "usr": "c:@S@YGValue"
              },
              {
                "kind": "TypeNominal",
                "name": "Int",
                "printedName": "Swift.Int",
                "usr": "s:Si"
              }
            ],
            "declKind": "Constructor",
            "usr": "s:So7YGValueV7YogaKitE14integerLiteralABSi_tcfc",
            "mangledName": "$sSo7YGValueV7YogaKitE14integerLiteralABSi_tcfc",
            "moduleName": "YogaKit",
            "declAttributes": [
              "AccessControl"
            ],
            "isFromExtension": true,
            "init_kind": "Designated"
          },
          {
            "kind": "Constructor",
            "name": "init",
            "printedName": "init(floatLiteral:)",
            "children": [
              {
                "kind": "TypeNominal",
                "name": "YGValue",
                "printedName": "yoga.YGValue",
                "usr": "c:@S@YGValue"
              },
              {
                "kind": "TypeNominal",
                "name": "Float",
                "printedName": "Swift.Float",
                "usr": "s:Sf"
              }
            ],
            "declKind": "Constructor",
            "usr": "s:So7YGValueV7YogaKitE12floatLiteralABSf_tcfc",
            "mangledName": "$sSo7YGValueV7YogaKitE12floatLiteralABSf_tcfc",
            "moduleName": "YogaKit",
            "declAttributes": [
              "AccessControl"
            ],
            "isFromExtension": true,
            "init_kind": "Designated"
          },
          {
            "kind": "Constructor",
            "name": "init",
            "printedName": "init(_:)",
            "children": [
              {
                "kind": "TypeNominal",
                "name": "YGValue",
                "printedName": "yoga.YGValue",
                "usr": "c:@S@YGValue"
              },
              {
                "kind": "TypeNominal",
                "name": "Float",
                "printedName": "Swift.Float",
                "usr": "s:Sf"
              }
            ],
            "declKind": "Constructor",
            "usr": "s:So7YGValueV7YogaKitEyABSfcfc",
            "mangledName": "$sSo7YGValueV7YogaKitEyABSfcfc",
            "moduleName": "YogaKit",
            "declAttributes": [
              "AccessControl"
            ],
            "isFromExtension": true,
            "init_kind": "Designated"
          },
          {
            "kind": "Constructor",
            "name": "init",
            "printedName": "init(_:)",
            "children": [
              {
                "kind": "TypeNominal",
                "name": "YGValue",
                "printedName": "yoga.YGValue",
                "usr": "c:@S@YGValue"
              },
              {
                "kind": "TypeNominal",
                "name": "CGFloat",
                "printedName": "CoreGraphics.CGFloat",
                "usr": "s:14CoreFoundation7CGFloatV"
              }
            ],
            "declKind": "Constructor",
            "usr": "s:So7YGValueV7YogaKitEyAB14CoreFoundation7CGFloatVcfc",
            "mangledName": "$sSo7YGValueV7YogaKitEyAB12CoreGraphics7CGFloatVcfc",
            "moduleName": "YogaKit",
            "declAttributes": [
              "AccessControl"
            ],
            "isFromExtension": true,
            "init_kind": "Designated"
          }
        ],
        "declKind": "Struct",
        "usr": "c:@S@YGValue",
        "moduleName": "yoga",
        "isExternal": true,
        "conformances": [
          {
            "kind": "Conformance",
            "name": "ExpressibleByIntegerLiteral",
            "printedName": "ExpressibleByIntegerLiteral",
            "children": [
              {
                "kind": "TypeWitness",
                "name": "IntegerLiteralType",
                "printedName": "IntegerLiteralType",
                "children": [
                  {
                    "kind": "TypeNominal",
                    "name": "Int",
                    "printedName": "Swift.Int",
                    "usr": "s:Si"
                  }
                ]
              }
            ],
            "usr": "s:s27ExpressibleByIntegerLiteralP",
            "mangledName": "$ss27ExpressibleByIntegerLiteralP"
          },
          {
            "kind": "Conformance",
            "name": "ExpressibleByFloatLiteral",
            "printedName": "ExpressibleByFloatLiteral",
            "children": [
              {
                "kind": "TypeWitness",
                "name": "FloatLiteralType",
                "printedName": "FloatLiteralType",
                "children": [
                  {
                    "kind": "TypeNominal",
                    "name": "Float",
                    "printedName": "Swift.Float",
                    "usr": "s:Sf"
                  }
                ]
              }
            ],
            "usr": "s:s25ExpressibleByFloatLiteralP",
            "mangledName": "$ss25ExpressibleByFloatLiteralP"
          }
        ]
      }
    ],
    "json_format_version": 8
  },
  "ConstValues": []
}